{
    "name": "Schedule trigger",
    "properties": {
        "annotations": [],
        "runtimeState": "Stopped",
        "pipelines": [
            {
                "pipelineReference": {
                    "referenceName": "Case Study_1",
                    "type": "PipelineReference"
                }
            }
        ],
        "type": "ScheduleTrigger",
        "typeProperties": {
            "recurrence": {
                "frequency": "Hour",
                "interval": 6,
                "startTime": "2024-06-28T20:41:00",
                "timeZone": "India Standard Time"
            }
        }
    }
}