{
    "name": "DelimitedText10",
    "properties": {
        "linkedServiceName": {
            "referenceName": "MS storage account",
            "type": "LinkedServiceReference"
        },
        "annotations": [],
        "type": "DelimitedText",
        "typeProperties": {
            "location": {
                "type": "AzureBlobFSLocation",
                "fileSystem": "output"
            },
            "columnDelimiter": ",",
            "escapeChar": "\\",
            "firstRowAsHeader": true,
            "quoteChar": "\""
        },
        "schema": [
            {
                "name": "EMPID",
                "type": "String"
            },
            {
                "name": "Name",
                "type": "String"
            },
            {
                "name": "Country",
                "type": "String"
            },
            {
                "name": "Department",
                "type": "String"
            }
        ]
    },
    "type": "Microsoft.DataFactory/factories/datasets"
}