{
    "now": "2024-06-28T20:44:05.311Z",
    "perfNow": 32875.19999998808,
    "diagnosticCorrelation": "dcb0ab84-6d5a-40aa-a56b-acf2060038ea",
    "source": "DownloadSupportFiles",
    "environment": {
        "productName": "adf",
        "buildVersion": "1.0.062124.5",
        "environmentType": 3,
        "resourceName": "ADF-task",
        "resourceRegion": "eastus",
        "resourceGroup": "Project",
        "subscriptionId": "9888e9c3-a912-484f-91b8-7bef4a695ef7",
        "sessionId": "IRpFFC7PCT1+0O8AHgfvpe",
        "operationId": "",
        "gitType": "live",
        "loggingKey": "f00b21a2-fe2b-47fa-8b16-16d029e6fca5"
    },
    "additionalInfo": {
        "selectedResource": "Case Study_1",
        "selectedResourceType": "pipeline"
    }
}